7,LOST MEMORIES: QUEST OF THE FORGOTTEN KNIGHT,HTTPS://LUCASTARS.HBO-ICT.CLOUD/MEDIA/7DA176806505408C88B0D5F16F000A7B/00000006000000000000000000000000.PNG,HTTPS://LUCASTARS.HBO-ICT.CLOUD/MEDIA/75AB80BC368C4FC09AEE74DCA61D3679/00000006000000000000000000000000.PNG,IN A REALM OF MAGIC AND MYSTERY, AN UNNAMED PROTAGONIST SETS OUT ON A QUEST TO FIND THE LOST DAMSEL, AIDED BY STRANGE ARTIFACTS AND UNEXPECTED ALLIES. THROUGH FORESTS, CAVES, AND CLIFFS, HE UNCOVERS FRAGMENTS OF HIS FORGOTTEN MEMORIES.,<P>IN A REALM OF MAGIC AND MYSTERY, AN UNNAMED PROTAGONIST SETS OUT ON A QUEST TO FIND THE LOST DAMSEL, AIDED BY STRANGE ARTIFACTS AND UNEXPECTED ALLIES. THROUGH FORESTS, CAVES, AND CLIFFS, HE UNCOVERS FRAGMENTS OF HIS FORGOTTEN MEMORIES.</P>,HTTPS://GOOZOOVOOGUU46-PB3B2324.HBO-ICT.CLOUD/,EZEDDIN KAMEL,WINTER,MILAD,SVEN,STEFAN,NICO,OUT B
8,THE DRAGON-SLAYER 3000,HTTPS://LUCASTARS.HBO-ICT.CLOUD/MEDIA/AEB7EB3C542347B6830659A4E0D9885D/00000006000000000000000000000000.PNG,NULL,BIJ DEZE GAME GA JE MET EEN VAN DE DRIE CHARACTERS OP PAD MET JE PARTY OM DE DRAAK TE VERSLAAN.
KUN JIJ HET GEVAAR AAN? ,<P>BIJ DEZE GAME GA JE MET EEN VAN DE DRIE CHARACTERS OP PAD MET JE PARTY OM DE DRAAK TE VERSLAAN.
KUN JIJ HET GEVAAR AAN? </P>,HTTPS://GOORIIXUUTUU25-PB3A2324.HBO-ICT.CLOUD/,TYGO,ROAN AL HELLY,ROGER,ZIXTEN,OUT A
9,METRO 8,HTTPS://LUCASTARS.HBO-ICT.CLOUD/MEDIA/26076AFDCF4F4151A6E8BF9833C9981E/00000006000000000000000000000000.PNG,HTTPS://LUCASTARS.HBO-ICT.CLOUD/MEDIA/F517798D34F14ABCB65BEE7386EF38DD/00000006000000000000000000000000.PNG,HTTPS://LUCASTARS.HBO-ICT.CLOUD/MEDIA/D5E6634D7E6F4E389A7D219EDB48BBD5/00000006000000000000000000000000.PNG,HTTPS://LUCASTARS.HBO-ICT.CLOUD/MEDIA/1DD22CDE02D84F21980EDC0D0EEBCCEC/00000006000000000000000000000000.PNG,HTTPS://LUCASTARS.HBO-ICT.CLOUD/MEDIA/31D1723EB4324F429037B22716B071DB/00000006000000000000000000000000.PNG,IN DIT SPEL BEVIND JE JE IN EEN SPANNENDE WERELD VAN ONDERGRONDSE TUNNELS EN METROSTATIONS. GEWAPEND MET SLECHTS JE EIGEN VERSTAND EN DOORZETTINGSVERMOGEN, MOET JE NAVIGEREN DOOR EEN UITGESTREKT METRONETWERK. HET SPEL IS EEN DOOLHOF, MET VERBORGEN PADEN, PUZZELS EN OBSTAKELS DIE JE MOET OVERWINNEN OM VERDER TE KOMEN. TERWIJL JE DIEPER DE DUISTERE GANGEN VERKENT, ONTDEK JE GEHEIMEN EN UITDAGINGEN DIE JE VAARDIGHEDEN OP DE PROEF STELLEN. DURF JIJ DE WEG TE VINDEN EN TE ONTSNAPPEN UIT DIT ONDERGRONDSE LABYRINT?,<P>IN DIT SPEL BEVIND JE JE IN EEN SPANNENDE WERELD VAN ONDERGRONDSE TUNNELS EN METROSTATIONS. GEWAPEND MET SLECHTS JE EIGEN VERSTAND EN DOORZETTINGSVERMOGEN, MOET JE NAVIGEREN DOOR EEN UITGESTREKT METRONETWERK. HET SPEL IS EEN DOOLHOF, MET VERBORGEN PADEN, PUZZELS EN OBSTAKELS DIE JE MOET OVERWINNEN OM VERDER TE KOMEN. TERWIJL JE DIEPER DE DUISTERE GANGEN VERKENT, ONTDEK JE GEHEIMEN EN UITDAGINGEN DIE JE VAARDIGHEDEN OP DE PROEF STELLEN. DURF JIJ DE WEG TE VINDEN EN TE ONTSNAPPEN UIT DIT ONDERGRONDSE LABYRINT?</P>,HTTPS://HUUCUUCAACOO61-PB3A2324.HBO-ICT.CLOUD/,JARED,JURIAN,JASPER,THAYNA,OUT A
10,SAVE THE FUTURE,HTTPS://LUCASTARS.HBO-ICT.CLOUD/MEDIA/2626CBA298E74C869DFABB1FE9F778B3/00000006000000000000000000000000.PNG,NULL,ARE YOU ABLE TO SAVE THE FUTURE OF MANKIND?

IF YOU LIKE SCIENCE, LOGICAL THINKING AND WINE YOU SHOULD GIVE IT A GO...,<P>ARE YOU ABLE TO SAVE THE FUTURE OF MANKIND?</P>

<P>IF YOU LIKE SCIENCE, LOGICAL THINKING AND WINE YOU SHOULD GIVE IT A GO...</P>,HTTPS://MUUFUUGEECAA69-PB3B2324.HBO-ICT.CLOUD/,NICO,OUT B
11,GAME,HTTPS://LUCASTARS.HBO-ICT.CLOUD/MEDIA/3369C097CC83459C91795AB0A79E96F4/00000006000000000000000000000000.PNG,NULL,DIT IS ONZE GAME,<P>DIT IS ONZE GAME</P>,HTTPS://FUUSUUKIIGII97-PB3D2324.HBO-ICT.CLOUD/,COLIN,DAVE,YASPER,NUSRET,ROBIN,OUT D
12, ESCAPE THE UNSEEN,HTTPS://LUCASTARS.HBO-ICT.CLOUD/MEDIA/9CB32AF5B14249498649C208FE6E417D/00000006000000000000000000000000.PNG,NULL,TRAPPED IN FIVE MYSTERIOUS ROOMS, YOU MUST SOLVE PUZZLES AND FIND HIDDEN CLUES TO ESCAPE.,<P>TRAPPED IN FIVE MYSTERIOUS ROOMS, YOU MUST SOLVE PUZZLES AND FIND HIDDEN CLUES TO ESCAPE.</P>,HTTPS://FOOYEEKIIDII13-PB3D2324.HBO-ICT.CLOUD/,MATAN,PABLO,JASON,ESTHER,RUNNER-UP,OUT D
13,LOST GIRL,HTTPS://LUCASTARS.HBO-ICT.CLOUD/MEDIA/3FCBEA3F2E3B4818BA8E1B0584550DF0/00000006000000000000000000000000.PNG,HTTPS://LUCASTARS.HBO-ICT.CLOUD/MEDIA/B6890840AB554224AC6CFCAAA7E9D90D/00000006000000000000000000000000.PNG,JE BENT MET JE VRIENDIN IN EEN HOTEL. WANNEER JE EVEN NAAR DE LOBBY GAAT OM SNACKS TE HALEN EN TERUGKEERT NAAR JE KAMER, ONTDEK JE DAT JE VRIENDIN WEG IS...,<P>JE BENT MET JE VRIENDIN IN EEN HOTEL. WANNEER JE EVEN NAAR DE LOBBY GAAT OM SNACKS TE HALEN EN TERUGKEERT NAAR JE KAMER, ONTDEK JE DAT JE VRIENDIN WEG IS...</P>,HTTPS://LEECOOTEETAA26-PB3D2324.HBO-ICT.CLOUD/,JODY,VU DAN,RAMON,JADEN,JAYDAN,HIGHLIGHTED,OUT D
14,ETERNAL QUEST,HTTPS://LUCASTARS.HBO-ICT.CLOUD/MEDIA/028A6097AC954DF188CEA4CD66BBDE3F/00000006000000000000000000000000.PNG,HTTPS://LUCASTARS.HBO-ICT.CLOUD/MEDIA/6B336C4243B346A2B96196BDCB8E3F53/00000006000000000000000000000000.PNG,JIJ BENT EEN KONING, MAAR JE BENT VERMIST GERAAKT. DE MENSEN VAN JOUW RIJK GELOVEN NIET MEER DAT JIJ DE ECHTE BENT. OM JEZELF TE BEWIJZEN MOET JE DE GEKKE KONING VAN HET VIJANDELIJKE RIJK VERSLAAN, OM ZIJN VOLK TE BEVRIJDEN VAN ZIJN TYRANNIE EN OM MET DE JONKVROUW VAN DAT KASTEEL TE TROUWEN. 
KIP. ?,<P>JIJ BENT EEN KONING, MAAR JE BENT VERMIST GERAAKT. DE MENSEN VAN JOUW RIJK GELOVEN NIET MEER DAT JIJ DE ECHTE BENT. OM JEZELF TE BEWIJZEN MOET JE DE GEKKE KONING VAN HET VIJANDELIJKE RIJK VERSLAAN, OM ZIJN VOLK TE BEVRIJDEN VAN ZIJN TYRANNIE EN OM MET DE JONKVROUW VAN DAT KASTEEL TE TROUWEN. 
KIP. ?</P>,HTTPS://NOOSEENOOVII60-PB3D2324.HBO-ICT.CLOUD/,KARIM,NICK,TIJMEN,THOMAS,YUK SUI,OUT D
15,THE CAVE OF MAGIC,HTTPS://LUCASTARS.HBO-ICT.CLOUD/MEDIA/A1817EB437324B71B233BE41587D1D8D/00000006000000000000000000000000.PNG,HTTPS://LUCASTARS.HBO-ICT.CLOUD/MEDIA/889668C3C2E746C39DA58C4DCE2C932A/00000006000000000000000000000000.PNG,HTTPS://LUCASTARS.HBO-ICT.CLOUD/MEDIA/9CA0E2E6F7BD4493B5E947E1449FE983/00000006000000000000000000000000.PNG,## INTRODUCTION
THIS IS THE CAVE OF MAGIC!

## CONTROLS
JUST CLICK THINGS.

## GOAL
GET INTO THE CAVE OF MAGIC, BY ANY MEANS NECESSARY.,<H2>INTRODUCTION</H2>

<P>THIS IS THE CAVE OF MAGIC!</P>

<H2>CONTROLS</H2>

<P>JUST CLICK THINGS.</P>

<H2>GOAL</H2>

<P>GET INTO THE CAVE OF MAGIC, BY ANY MEANS NECESSARY.</P>,HTTPS://ADVENTURON.HBO-ICT.CLOUD/,LENNARD,ROMMERT,OUT D
16,BREAKOUT,HTTPS://LUCASTARS.HBO-ICT.CLOUD/MEDIA/F8F2998C0BFC407CBFE46F367B3AB727/00000006000000000000000000000000.PNG,HTTPS://LUCASTARS.HBO-ICT.CLOUD/MEDIA/093D5AD3FB5A441FAA78AA9E53274EA7/00000006000000000000000000000000.PNG,HTTPS://LUCASTARS.HBO-ICT.CLOUD/MEDIA/C3DF12C7ACF14BD7B7071D5842917531/00000006000000000000000000000000.PNG,TRY TO BREAKOUT WHILST SUPER HUNGRY. ,<P>TRY TO BREAKOUT WHILST SUPER HUNGRY. </P>,HTTPS://VAAZIIYIINUU81-PB3B2324.HBO-ICT.CLOUD/,ARIF,MAJD,ELISE,PIERRE,SEM,OUT B
17,ESCAPE OR DIE,NULL,NULL,NULL,NULL,HTTPS://DEV-ZOOQIIZUUXOO43-PB3A2324.HBO-ICT.CLOUD/,ZAKIR,SOUMAYA,SHAMLA,CHAHID,OUT A
18,BOMB SQUAD: CLASSROOM CRISIS,HTTPS://LUCASTARS.HBO-ICT.CLOUD/MEDIA/84C86CE53485454382FB2287E387FA9E/00000006000000000000000000000000.PNG,NULL,BOMB SQUAD: CLASSROOM CRISIS,<P>BOMB SQUAD: CLASSROOM CRISIS</P>,HTTPS://JEELAAREEQAA57-PB3B2324.HBO-ICT.CLOUD/,ROCCO,OWEN HO,YENNIS,RINALDO,OUT B
19,OBLIVION,HTTPS://LUCASTARS.HBO-ICT.CLOUD/MEDIA/3D82E7989DB04709B6444D17EBAB5DF3/00000006000000000000000000000000.PNG,HTTPS://LUCASTARS.HBO-ICT.CLOUD/MEDIA/01F3669CE4CA49E0B20C065BC5D83C35/00000006000000000000000000000000.PNG,HTTPS://LUCASTARS.HBO-ICT.CLOUD/MEDIA/F22C69E5880D46DF92EA5B5306449A01/00000006000000000000000000000000.PNG,HTTPS://LUCASTARS.HBO-ICT.CLOUD/MEDIA/7989E20ABBEF4AF0AD8733C2C53079D5/00000006000000000000000000000000.PNG,HTTPS://LUCASTARS.HBO-ICT.CLOUD/MEDIA/2218E981C89C4B11A91F6AFB4D629A4C/00000006000000000000000000000000.PNG,HTTPS://LUCASTARS.HBO-ICT.CLOUD/MEDIA/62BD391D56B146D7B2BD1AC18DE5922B/00000006000000000000000000000000.PNG,HTTPS://LUCASTARS.HBO-ICT.CLOUD/MEDIA/83E3BE99B17A43D79A475D48ABE66460/00000006000000000000000000000000.PNG,HTTPS://LUCASTARS.HBO-ICT.CLOUD/MEDIA/8E4683E354DA478CA4598679BC89169F/00000006000000000000000000000000.PNG,HTTPS://LUCASTARS.HBO-ICT.CLOUD/MEDIA/2E8446B869AD4DC1B9353FB5C756AD89/00000006000000000000000000000000.PNG,HTTPS://LUCASTARS.HBO-ICT.CLOUD/MEDIA/C71BD504CA074655B1FCD9EB400A5583/00000006000000000000000000000000.PNG,HTTPS://LUCASTARS.HBO-ICT.CLOUD/MEDIA/31A3A9C7056846C393EB245263131B41/00000006000000000000000000000000.PNG,HTTPS://LUCASTARS.HBO-ICT.CLOUD/MEDIA/A49FAC8CE8F74960AF1327F0DF34C34C/00000006000000000000000000000000.PNG,HTTPS://LUCASTARS.HBO-ICT.CLOUD/MEDIA/FFD041F1BB0D4281B3B8F24866F1442C/00000006000000000000000000000000.PNG,HTTPS://LUCASTARS.HBO-ICT.CLOUD/MEDIA/1AF79016350F4BE789120E6136A1A71F/00000006000000000000000000000000.PNG,HTTPS://LUCASTARS.HBO-ICT.CLOUD/MEDIA/7FD920B996A14200BAE58AE379F2E525/00000006000000000000000000000000.PNG,HTTPS://LUCASTARS.HBO-ICT.CLOUD/MEDIA/43738C1C5382480482CFFD9B35CF760B/00000006000000000000000000000000.PNG,HTTPS://LUCASTARS.HBO-ICT.CLOUD/MEDIA/A0EBCDDDBF1340DE9026F73E9BD6BC90/00000006000000000000000000000000.PNG,HTTPS://LUCASTARS.HBO-ICT.CLOUD/MEDIA/9DA42AB84C584D4CA00BA016378331D7/00000006000000000000000000000000.PNG,WELCOME TO OBLIVION, A POINT AND CLICK PUZZLE ADVENTURE GAME. 

IN OBLIVION, YOU START OFF WAKING UP IN A FOREST. YOU DON'T REMEMBER ANYTHING AT ALL. YOU HAVE TO NAVIGATE YOUR WAY THROUGH THE FOREST TO THEN FIND A PIECE OF STONE THAT OPENS A PORTAL TO THE CASTLE.

ONCE YOU GET TO THE CASTLE ENTRANCE, YOU GET MORE INFORMATION ABOUT WHO YOU ARE AND WHAT HAPPENED. AFTERWARDS YOU PASS OUT, WAKE UP IN THE THRONE ROOM, GET A QUEST FROM THE KING, AND THIS IS WHEN THE GAME ACTUALLY STARTS.

AT THIS POINT YOU MUST NAVIGATE THROUGH THE CASTLE, GOING BACK AND FORTH THROUGH THE ROOMS TO SOLVE PUZZLES. AT THE END OF EACH PUZZLE YOU GET THE OPPORTINITY TO FIND A PIECE OF A STONE, 3 OF WHICH YOU'LL NEED TO UNLOCK THE HIDDEN DOOR. BEHIND HERE IS THE GOOD ENDING! (BEWARE, THERE ARE A FEW BAD ENDINGS ASWELL!)

ENJOY!,<P>WELCOME TO OBLIVION, A POINT AND CLICK PUZZLE ADVENTURE GAME. </P>

<P>IN OBLIVION, YOU START OFF WAKING UP IN A FOREST. YOU DON'T REMEMBER ANYTHING AT ALL. YOU HAVE TO NAVIGATE YOUR WAY THROUGH THE FOREST TO THEN FIND A PIECE OF STONE THAT OPENS A PORTAL TO THE CASTLE.</P>

<P>ONCE YOU GET TO THE CASTLE ENTRANCE, YOU GET MORE INFORMATION ABOUT WHO YOU ARE AND WHAT HAPPENED. AFTERWARDS YOU PASS OUT, WAKE UP IN THE THRONE ROOM, GET A QUEST FROM THE KING, AND THIS IS WHEN THE GAME ACTUALLY STARTS.</P>

<P>AT THIS POINT YOU MUST NAVIGATE THROUGH THE CASTLE, GOING BACK AND FORTH THROUGH THE ROOMS TO SOLVE PUZZLES. AT THE END OF EACH PUZZLE YOU GET THE OPPORTINITY TO FIND A PIECE OF A STONE, 3 OF WHICH YOU'LL NEED TO UNLOCK THE HIDDEN DOOR. BEHIND HERE IS THE GOOD ENDING! (BEWARE, THERE ARE A FEW BAD ENDINGS ASWELL!)</P>

<P>ENJOY!</P>,HTTPS://DAAQUUJIIXUU41-PB3A2324.HBO-ICT.CLOUD/,IDIL,FAITH,DAMIAN,MOHAMMAD,OUT A
20,LOST MEMORIES,HTTPS://LUCASTARS.HBO-ICT.CLOUD/MEDIA/52DBE9A72299427A87FE9BD4E31538EE/00000006000000000000000000000000.PNG,HTTPS://LUCASTARS.HBO-ICT.CLOUD/MEDIA/2DCD8802866741758117C7184796F1F2/00000006000000000000000000000000.PNG,<H3>THINGS YOU NEED TO KNOW</H3> 


LOST MEMORIES' IS A TEXT-BASED ADVENTURE GAME WHERE PLAYERS TAKE ON THE ROLE OF ETHAN BLACKWOOD, WHO WAKES UP IN A DARK ENVIRONMENT WITH NO MEMORY OF HOW HE GOT THERE.

AS HE TRIES TO UNCOVER THE TRUTH BEHIND HIS LOST MEMORIES, HE IS CONFRONTED WITH FRIGHTENING DISCOVERIES AND A DARK SECRETS.

<H3>HOW TO PLAY</H3>

USE THE BUTTONS TO MOVE. 
CHECK STUFF OUT WITH THE EXAMINE BUTTON. 
AND DON'T RUSH IT—THINK BEFORE YOU ACT. 
EASY PEASY!,<H3>THINGS YOU NEED TO KNOW</H3> 

<P>LOST MEMORIES' IS A TEXT-BASED ADVENTURE GAME WHERE PLAYERS TAKE ON THE ROLE OF ETHAN BLACKWOOD, WHO WAKES UP IN A DARK ENVIRONMENT WITH NO MEMORY OF HOW HE GOT THERE.</P>

<P>AS HE TRIES TO UNCOVER THE TRUTH BEHIND HIS LOST MEMORIES, HE IS CONFRONTED WITH FRIGHTENING DISCOVERIES AND A DARK SECRETS.</P>

<H3>HOW TO PLAY</H3>

<P>USE THE BUTTONS TO MOVE. 
CHECK STUFF OUT WITH THE EXAMINE BUTTON. 
AND DON'T RUSH IT—THINK BEFORE YOU ACT. 
EASY PEASY!</P>,HTTPS://KUUDEEXUUTEE72-PB3B2324.HBO-ICT.CLOUD/,AMINA,AARIZ,YUSUF,ADITYA,HIGHLIGHTED,OUT B
21,REALM OF ENIGMA | CHRONICLES OF TIME,HTTPS://LUCASTARS.HBO-ICT.CLOUD/MEDIA/0D30BD2354D64D8B908ED3C44B02E74E/00000006000000000000000000000000.PNG,HTTPS://LUCASTARS.HBO-ICT.CLOUD/MEDIA/4DEA3AFC5930410C93EB549CC6C2177E/00000006000000000000000000000000.PNG,# INTRODUCTIE
IN REALM OF ENIGMA GA JE ALS ARIC STORMRIDER OP AVONTUUR OM HET LOT VAN EEN MYSTERIEUZE LEGENDARISCHE MAGIËR TE ONTRAFELEN!

TIJDENS JE AVONTUUR ZULLEN ER STEEDS MEER KARAKTERS BIJ JOUW AVONTUUR AANSLUITEN. 

WE WENSEN JULLIE VEEL SPEEL PLEZIER!

**TEAM MEDIBIT**,<H1>INTRODUCTIE</H1>

<P>IN REALM OF ENIGMA GA JE ALS ARIC STORMRIDER OP AVONTUUR OM HET LOT VAN EEN MYSTERIEUZE LEGENDARISCHE MAGIËR TE ONTRAFELEN!</P>

<P>TIJDENS JE AVONTUUR ZULLEN ER STEEDS MEER KARAKTERS BIJ JOUW AVONTUUR AANSLUITEN. </P>

<P>WE WENSEN JULLIE VEEL SPEEL PLEZIER!</P>

<P><STRONG>TEAM MEDIBIT</STRONG></P>,HTTPS://BUUSEEBUUMAA12-PB3B2324.HBO-ICT.CLOUD/,TESS,TA'LIYAAH,SUHAYB,FAUZAN,BILAL,OUT B
22,TANNER DE VIRUS SCANNER,HTTPS://LUCASTARS.HBO-ICT.CLOUD/MEDIA/328165035BC543ED851EA38E76053BF4/00000006000000000000000000000000.PNG,NULL,## OVERZICHT:

WELKOM BIJ DE SPELPAGINA VAN TANNER DE VIRUS SCANNER! HET SPEL IS EEN RETRO GAME DAT ZICH AFSPEELT IN EEN COMPUTER, MET NAME DE ONDERDELEN HIERVAN (CPU, GPU, MOEDERBORD, RAM, HARDE SCHIJF, ETC.). JE SPEELT EEN TEXT-BASED ADVENTURE GAME OVER EEN VIRUS-SCAN STRIJDER GENAAMD TANNER, DIE DOOR EEN VIRUS GEÏNFECTEERDE COMPUTER HEEN MOET WERKEN OM ALLE VIRUSSEN TE VERNIETIGEN EN DE COMPUTER VIRUSVRIJ TE MAKEN.,<H2>OVERZICHT:</H2>

<P>WELKOM BIJ DE SPELPAGINA VAN TANNER DE VIRUS SCANNER! HET SPEL IS EEN RETRO GAME DAT ZICH AFSPEELT IN EEN COMPUTER, MET NAME DE ONDERDELEN HIERVAN (CPU, GPU, MOEDERBORD, RAM, HARDE SCHIJF, ETC.). JE SPEELT EEN TEXT-BASED ADVENTURE GAME OVER EEN VIRUS-SCAN STRIJDER GENAAMD TANNER, DIE DOOR EEN VIRUS GEÏNFECTEERDE COMPUTER HEEN MOET WERKEN OM ALLE VIRUSSEN TE VERNIETIGEN EN DE COMPUTER VIRUSVRIJ TE MAKEN.</P>,HTTPS://WUUNIIXOOVII91-PB3B2324.HBO-ICT.CLOUD/,YNZE,HACHIM,COLLIN,ANASS,RUNNER-UP,OUT B
23,LOST IN DISSONANCE,HTTPS://LUCASTARS.HBO-ICT.CLOUD/MEDIA/24B2A08E25CA4C87B21E332B182DB68F/00000006000000000000000000000000.PNG,HTTPS://LUCASTARS.HBO-ICT.CLOUD/MEDIA/4F405D2C417243E8AF9877B90E02D1EB/00000006000000000000000000000000.PNG,"VERLOREN IN DISSONANTIE" IS EEN MEESLEPEND TEKSTGEBASEERD AVONTURENSPEL WAAR JOUW VERBEELDING DE GRENZEN BEPAALT. IN DIT SPEL WORD JE MEEGENOMEN OP EEN REIS DOOR EEN RAADSELACHTIGE WERELD, WAAR ELKE KEUZE DE LOOP VAN JE VERHAAL KAN VERANDEREN. TERWIJL JE NAVIGEERT DOOR DEZE WERELD VOL VREEMDE WONDEREN EN VERBORGEN GEVAREN, ZULLEN JE BESLISSINGEN BEPALEN OF JE VERLOREN BLIJFT IN DE DISSONANTIE OF DE HARMONIE VINDT OM JE WEG NAAR HUIS TE ONTDEKKEN.
IN DIT SPEL BEN JIJ DE HELD VAN JE EIGEN VERHAAL, MET DE KRACHT OM DE WERELD OM JE HEEN TE VORMEN DOOR JE KEUZES EN ACTIES. ELK PAD DAT JE INSLAAT, ELKE BESLISSING DIE JE NEEMT, HEEFT ZIJN EIGEN UNIEKE CONSEQUENTIES, WAARDOOR JE AVONTUUR ELKE KEER DAT JE SPEELT ANDERS IS. "VERLOREN IN DISSONANTIE" IS NIET ZOMAAR EEN SPEL; HET IS EEN UITNODIGING OM EEN ONBEKENDE WERELD TE VERKENNEN, JEZELF TE TESTEN TEGEN DE UITDAGINGEN DIE OPDUIKEN, EN UITEINDELIJK HET MYSTERIE ACHTER DE DISSONANTIE TE ONTRAFELEN. BEN JIJ KLAAR OM JEZELF TE VERLIEZEN IN DIT AVONTUUR EN TE ONTDEKKEN WAT ER ECHT NODIG IS OM WEER GEVONDEN TE WORDEN? STAP BINNEN IN "VERLOREN IN DISSONANTIE" EN LAAT HET AVONTUUR BEGINNEN!,<P>"VERLOREN IN DISSONANTIE" IS EEN MEESLEPEND TEKSTGEBASEERD AVONTURENSPEL WAAR JOUW VERBEELDING DE GRENZEN BEPAALT. IN DIT SPEL WORD JE MEEGENOMEN OP EEN REIS DOOR EEN RAADSELACHTIGE WERELD, WAAR ELKE KEUZE DE LOOP VAN JE VERHAAL KAN VERANDEREN. TERWIJL JE NAVIGEERT DOOR DEZE WERELD VOL VREEMDE WONDEREN EN VERBORGEN GEVAREN, ZULLEN JE BESLISSINGEN BEPALEN OF JE VERLOREN BLIJFT IN DE DISSONANTIE OF DE HARMONIE VINDT OM JE WEG NAAR HUIS TE ONTDEKKEN.
IN DIT SPEL BEN JIJ DE HELD VAN JE EIGEN VERHAAL, MET DE KRACHT OM DE WERELD OM JE HEEN TE VORMEN DOOR JE KEUZES EN ACTIES. ELK PAD DAT JE INSLAAT, ELKE BESLISSING DIE JE NEEMT, HEEFT ZIJN EIGEN UNIEKE CONSEQUENTIES, WAARDOOR JE AVONTUUR ELKE KEER DAT JE SPEELT ANDERS IS. "VERLOREN IN DISSONANTIE" IS NIET ZOMAAR EEN SPEL; HET IS EEN UITNODIGING OM EEN ONBEKENDE WERELD TE VERKENNEN, JEZELF TE TESTEN TEGEN DE UITDAGINGEN DIE OPDUIKEN, EN UITEINDELIJK HET MYSTERIE ACHTER DE DISSONANTIE TE ONTRAFELEN. BEN JIJ KLAAR OM JEZELF TE VERLIEZEN IN DIT AVONTUUR EN TE ONTDEKKEN WAT ER ECHT NODIG IS OM WEER GEVONDEN TE WORDEN? STAP BINNEN IN "VERLOREN IN DISSONANTIE" EN LAAT HET AVONTUUR BEGINNEN!</P>,HTTPS://TOOTOOCIIPEE31-PB3B2324.HBO-ICT.CLOUD/,IBTISAM,KOEN,TACO,MATIN,RUNNER-UP,OUT B
24,THE LORD'S JOURNEY TO RAGNAROK,NULL,NULL,THOR SLAAT OP HOL,<P>THOR SLAAT OP HOL</P>,HTTPS://NIIYOORUUTEE96-PB3B2324.HBO-ICT.CLOUD/,DAVID,GAVIN,JASPER,OUT B
25,DOORWAY OF DECEPTION,HTTPS://LUCASTARS.HBO-ICT.CLOUD/MEDIA/12306551034F4D2EBEED526FFD193121/00000006000000000000000000000000.PNG,HTTPS://LUCASTARS.HBO-ICT.CLOUD/MEDIA/6CA81810D1FF4E0D8FB0C8D5E011AF64/00000006000000000000000000000000.PNG,HTTPS://LUCASTARS.HBO-ICT.CLOUD/MEDIA/77E1E54C23174CDE82D30A0D451DE3AE/00000006000000000000000000000000.PNG,# DOORWAY OF DECEPTION.
BETREED EEN WERELD VOL INTRIGE EN VERBORGEN WAARHEDEN IN "DOOR OF DECEPTION"!

## HOE TE SPELEN
 **VERKEN ELK HOEKJE EN GAATJE:** ONDERZOEK ZORGVULDIG JE OMGEVING OM VERBORGEN AANWIJZINGEN TE VINDEN DIE JE HELPEN BIJ HET OPLOSSEN VAN DE PUZZELS.
   
 **GEBRUIK JE VERSTAND:** COMBINEER AANWIJZINGEN EN DENK LOGISCH NA OM DE RAADSELS TE ONTCIJFEREN DIE JE TEGENKOMT.

 **LAAT JE CREATIVITEIT DE VRIJE LOOP:** SOMS IS DE OPLOSSING NIET ALTIJD VOOR DE HAND LIGGEND. DENK BUITEN DE KADERS EN GEBRUIK JE VERBEELDINGSKRACHT OM VOORUIT TE KOMEN.

## DOE MEE AAN DE REIS
STAP IN DE SCHOENEN VAN EEN ONTDEKKINGSREIZIGER EN LAAT JE VERRASSEN DOOR DE GEHEIMEN DIE "DOOR OF DECEPTION" TE BIEDEN HEEFT. BEREID JE VOOR OP EEN AVONTUUR VOL UITDAGINGEN, INTRIGES EN ONVERWACHTE WENDINGEN. DURF JIJ DE WAARHEID TE ACHTERHALEN?


,<H1>DOORWAY OF DECEPTION.</H1>

<P>BETREED EEN WERELD VOL INTRIGE EN VERBORGEN WAARHEDEN IN "DOOR OF DECEPTION"!</P>

<H2>HOE TE SPELEN</H2>

<P><STRONG>VERKEN ELK HOEKJE EN GAATJE:</STRONG> ONDERZOEK ZORGVULDIG JE OMGEVING OM VERBORGEN AANWIJZINGEN TE VINDEN DIE JE HELPEN BIJ HET OPLOSSEN VAN DE PUZZELS.</P>

<P><STRONG>GEBRUIK JE VERSTAND:</STRONG> COMBINEER AANWIJZINGEN EN DENK LOGISCH NA OM DE RAADSELS TE ONTCIJFEREN DIE JE TEGENKOMT.</P>

<P><STRONG>LAAT JE CREATIVITEIT DE VRIJE LOOP:</STRONG> SOMS IS DE OPLOSSING NIET ALTIJD VOOR DE HAND LIGGEND. DENK BUITEN DE KADERS EN GEBRUIK JE VERBEELDINGSKRACHT OM VOORUIT TE KOMEN.</P>

<H2>DOE MEE AAN DE REIS</H2>

<P>STAP IN DE SCHOENEN VAN EEN ONTDEKKINGSREIZIGER EN LAAT JE VERRASSEN DOOR DE GEHEIMEN DIE "DOOR OF DECEPTION" TE BIEDEN HEEFT. BEREID JE VOOR OP EEN AVONTUUR VOL UITDAGINGEN, INTRIGES EN ONVERWACHTE WENDINGEN. DURF JIJ DE WAARHEID TE ACHTERHALEN?</P>,HTTPS://SEEBAAHUUSUU84-PB3B2324.HBO-ICT.CLOUD/,MO,ESA,LIN,RICHARD,OUT B
26,LOST LANDS,HTTPS://LUCASTARS.HBO-ICT.CLOUD/MEDIA/4B920DE079414DEC8DF411E94F771BF0/00000006000000000000000000000000.PNG,NULL,## LOST LANDS
EEN TEXT-BASED GAME MET EEN LEUKE VERHAALLIJN EN DIVERSE FUNCTIONALITEIT.

### FUNCTIONALITEIT:
- SAVE SYSTEEM.
- AUTHENTICATIE SYSTEEM.
- APARTE INVENTORY
- LEUKE STORYLINE,<H2>LOST LANDS</H2>

<P>EEN TEXT-BASED GAME MET EEN LEUKE VERHAALLIJN EN DIVERSE FUNCTIONALITEIT.</P>

<H3>FUNCTIONALITEIT:</H3>

<UL>
<LI>SAVE SYSTEEM.</LI>
<LI>AUTHENTICATIE SYSTEEM.</LI>
<LI>APARTE INVENTORY</LI>
<LI>LEUKE STORYLINE</LI>
</UL>,HTTPS://RUUSAAMUUSAA49-PB3B2324.HBO-ICT.CLOUD/,DIYAR,KASPER,AARON,OUT B
27,THE ANCIENT QUEST OF INFINITY,HTTPS://LUCASTARS.HBO-ICT.CLOUD/MEDIA/229F314470944332B2E5B14C948639A8/00000006000000000000000000000000.PNG,HTTPS://LUCASTARS.HBO-ICT.CLOUD/MEDIA/89016A77B47D40C9AC516B8219A56254/00000006000000000000000000000000.PNG,HTTPS://LUCASTARS.HBO-ICT.CLOUD/MEDIA/0EA4D9A1577F40F1875AEA0FAAF60164/00000006000000000000000000000000.PNG,HTTPS://LUCASTARS.HBO-ICT.CLOUD/MEDIA/2452ABF6838047F69CD2778AD83D88AA/00000006000000000000000000000000.PNG,HTTPS://LUCASTARS.HBO-ICT.CLOUD/MEDIA/1C0FE70FBEE74C13A7E20D3CF309B3A1/00000006000000000000000000000000.PNG,HTTPS://LUCASTARS.HBO-ICT.CLOUD/MEDIA/749D59059BEA493DAF71B12DED7DFDFF/00000006000000000000000000000000.PNG,KUN JIJ DE LOOP VERBREKEN?,<P>KUN JIJ DE LOOP VERBREKEN?</P>,HTTPS://DAAHUUPIIHUU25-PB3E2324.HBO-ICT.CLOUD/,ALEXIA,STIJN,SOULAIMAN,KAI,MARTIJN,OUT E
28,DJUNKIE TRAILS,HTTPS://LUCASTARS.HBO-ICT.CLOUD/MEDIA/CE6FCCF2EEDC4BE793B7A03446E5DB0B/00000006000000000000000000000000.PNG,NULL,IN DJUNKIE TRAILS SPEEL JE ALS EEN JUNKIE DIE IS BELAND IN REHAB. <BR> 
JOUW DOEL IS OM UIT REHAB TE ONTSNAPPEN EN EEN INKOMEN EN OVERNACHTINGSPLAATS TE VINDEN. <BR>
HET SPEL IS HET BEST SPEELBAAR OP VOLLEDIG SCHERM OMDAT ANDERS TE TEKST MOGELIJK NIET ZICHTBAAR IS. <BR> 
SUCCES EN VEEL SPEELPLEZIER!,<P>IN DJUNKIE TRAILS SPEEL JE ALS EEN JUNKIE DIE IS BELAND IN REHAB. <BR> 
JOUW DOEL IS OM UIT REHAB TE ONTSNAPPEN EN EEN INKOMEN EN OVERNACHTINGSPLAATS TE VINDEN. <BR>
HET SPEL IS HET BEST SPEELBAAR OP VOLLEDIG SCHERM OMDAT ANDERS TE TEKST MOGELIJK NIET ZICHTBAAR IS. <BR> 
SUCCES EN VEEL SPEELPLEZIER!</P>,HTTPS://SOODEENIIMII39-PB3A2324.HBO-ICT.CLOUD/,KAYLIN,MOHAMMAD MAHRUK,SJOERD,MELVIN,ELLA,OUT A
29,MASR,HTTPS://LUCASTARS.HBO-ICT.CLOUD/MEDIA/9E25734D6C6A4B3D92308622E1522C76/00000006000000000000000000000000.PNG,HTTPS://LUCASTARS.HBO-ICT.CLOUD/MEDIA/7412919041F346BBBF5BF0A7E5631110/00000006000000000000000000000000.PNG,HTTPS://LUCASTARS.HBO-ICT.CLOUD/MEDIA/B50C7AE7EB454356B020E0E1FD00FF7E/00000006000000000000000000000000.PNG,MASR - THE DYNASTY OF THE FUTURE,<P>MASR - THE DYNASTY OF THE FUTURE</P>,HTTPS://JEEGEEFAAHEE24-PB3A2324.HBO-ICT.CLOUD/,HAMED,DAAN,ACHRAF,YOUSSEF,KHALED ABBAS,RUNNER-UP,OUT A
30,REALM OF THE KINGS,HTTPS://LUCASTARS.HBO-ICT.CLOUD/MEDIA/F0CA66315C884437B1F552105C75C0A8/00000006000000000000000000000000.PNG,HTTPS://LUCASTARS.HBO-ICT.CLOUD/MEDIA/01995289A2F840BEB0EAFF9BB76CEA65/00000006000000000000000000000000.PNG,ONZE GAME IS EEN TEXT BASED ADVENTURE GAME DIE ZICH AFSPEELT IN DE MIDDELEEUWEN WAARBIJ JE DE ROL SPEELT VAN IEMAND VAN DE KINGSGUARD. OM DE GAME ZO GOED MOGELIJK TE KUNNEN TESTEN ZAL JE NADAT JE HET VERHAAL HEBT GELEZEN IN DE EERSTE KAMER DE OPLOSSING MOETEN UITVOGELEN VAN WAAR JE NAARTOE MOET GAAN. ER ZIJN MEERDERE MANIEREN OM DE OPLOSSING TE VINDEN MAAR DE MAKKELIJKSTE MANIER IS OM NIET UIT DE KAMER TE GAAN. DAARNA IS HET EIGENLIJK GEWOON DE VERHAALLIJN VOLGEN EN DE TEXT LEZEN. WANNEER DIT ALLEMAAL IS GEDAAN KAN JE NOG TEGEN DE EINDBAAS VECHTEN DIE ERG LASTIG IS OM TE VERSLAAN. OM DIT TE DOEN KAN JE HEALTH POTIONS KOPEN OM JE HEALTH WEER TERUG TE BRENGEN OM EEN BETERE KANS TE MAKEN TEGEN DE EINDBAAS.,<P>ONZE GAME IS EEN TEXT BASED ADVENTURE GAME DIE ZICH AFSPEELT IN DE MIDDELEEUWEN WAARBIJ JE DE ROL SPEELT VAN IEMAND VAN DE KINGSGUARD. OM DE GAME ZO GOED MOGELIJK TE KUNNEN TESTEN ZAL JE NADAT JE HET VERHAAL HEBT GELEZEN IN DE EERSTE KAMER DE OPLOSSING MOETEN UITVOGELEN VAN WAAR JE NAARTOE MOET GAAN. ER ZIJN MEERDERE MANIEREN OM DE OPLOSSING TE VINDEN MAAR DE MAKKELIJKSTE MANIER IS OM NIET UIT DE KAMER TE GAAN. DAARNA IS HET EIGENLIJK GEWOON DE VERHAALLIJN VOLGEN EN DE TEXT LEZEN. WANNEER DIT ALLEMAAL IS GEDAAN KAN JE NOG TEGEN DE EINDBAAS VECHTEN DIE ERG LASTIG IS OM TE VERSLAAN. OM DIT TE DOEN KAN JE HEALTH POTIONS KOPEN OM JE HEALTH WEER TERUG TE BRENGEN OM EEN BETERE KANS TE MAKEN TEGEN DE EINDBAAS.</P>,HTTPS://FOOWOOFOOKUU18-PB3A2324.HBO-ICT.CLOUD/,JAY,SALIM,MATHIJS,JOAS,BORYS,RUNNER-UP,OUT A
31,CASTLE ESCAPE,NULL,NULL,NULL,NULL,HTTPS://COOZAATOOYAA12-PB3A2324.HBO-ICT.CLOUD/,DARYA,RUBEN,RABEE,DICK,OUT A
32,DEEP CLEAN,HTTPS://LUCASTARS.HBO-ICT.CLOUD/MEDIA/39C81135EB484DA68DAE305124D2BA20/00000006000000000000000000000000.PNG,HTTPS://LUCASTARS.HBO-ICT.CLOUD/MEDIA/AF0A2B9D6DDC46AE90CE58EAE9CC2DE1/00000006000000000000000000000000.PNG,DEEP CLEAN IS EEN GAME OVER EEN SCHOONMAKER (OSCAR) DIE PERONGELUK IN DUMPSTER VALT. HIJ BELAND DAN IN GEHEIME LABORATORIUM DIEP ONDER DE GROND. HIJ MOET DAN DOORMIDDLE VAN PUZZELS ONTSNAPPEN.,<P>DEEP CLEAN IS EEN GAME OVER EEN SCHOONMAKER (OSCAR) DIE PERONGELUK IN DUMPSTER VALT. HIJ BELAND DAN IN GEHEIME LABORATORIUM DIEP ONDER DE GROND. HIJ MOET DAN DOORMIDDLE VAN PUZZELS ONTSNAPPEN.</P>,HTTPS://DEV-NIIHAANEEWUU55-PB3A2324.HBO-ICT.CLOUD/,PASCAL,NICK,TOM,TOBIAS,ALIF,OUT A
33,KINGDOM CONQUEST,HTTPS://LUCASTARS.HBO-ICT.CLOUD/MEDIA/C1A6EE35CDB4477E87643E7B4A1C9262/00000006000000000000000000000000.PNG,HTTPS://LUCASTARS.HBO-ICT.CLOUD/MEDIA/E590A05F071140FAA7BFCB42052044AB/00000006000000000000000000000000.PNG,HTTPS://LUCASTARS.HBO-ICT.CLOUD/MEDIA/D1686B61BB3C421F9691A498A6271F78/00000006000000000000000000000000.PNG,HTTPS://LUCASTARS.HBO-ICT.CLOUD/MEDIA/8F7F8820547F42E9B5A21E2A65C8353C/00000006000000000000000000000000.PNG,HTTPS://LUCASTARS.HBO-ICT.CLOUD/MEDIA/2CA40600FC3147A3B75327EDF7AE1258/00000006000000000000000000000000.PNG,YOU WAKE UP BEHIND BARS, WITH NO IDEA OF WHAT HAPPENED UNTIL ONE OF THE GUARDS MENTIONS THAT ONE OF HIS FRIENDS IS TRAPPED IN THE FOREST.

UPON HEARING THIS, YOU BEGIN TO PIECE TOGETHER WHAT HAS OCCURRED. IN THIS STORY, YOU SEEK REVENGE ON THE PERSON WHO CAPTURED US, WITH THE FRIENDS YOU MAY MEET ALONG THE WAY.

[SPEEL OP DE WEBSITE](HTTPS://LOOBUUXEEKEE47-PB3A2324.HBO-ICT.CLOUD/) 
OF
[DOWNLOAD DE APP](HTTPS://TESTFLIGHT.APPLE.COM/JOIN/HW6MJIAD) (VOOR IOS 17),<P>YOU WAKE UP BEHIND BARS, WITH NO IDEA OF WHAT HAPPENED UNTIL ONE OF THE GUARDS MENTIONS THAT ONE OF HIS FRIENDS IS TRAPPED IN THE FOREST.</P>

<P>UPON HEARING THIS, YOU BEGIN TO PIECE TOGETHER WHAT HAS OCCURRED. IN THIS STORY, YOU SEEK REVENGE ON THE PERSON WHO CAPTURED US, WITH THE FRIENDS YOU MAY MEET ALONG THE WAY.</P>

<P><A HREF="HTTPS://LOOBUUXEEKEE47-PB3A2324.HBO-ICT.CLOUD/">SPEEL OP DE WEBSITE</A> 
OF
<A HREF="HTTPS://TESTFLIGHT.APPLE.COM/JOIN/HW6MJIAD">DOWNLOAD DE APP</A> (VOOR IOS 17)</P>,HTTPS://LOOBUUXEEKEE47-PB3A2324.HBO-ICT.CLOUD/,ANOJAN,WISSE,MELISSA,TIM,OUT A
34,QUEST OF VALOR: THE TOWER'S SECRET,HTTPS://LUCASTARS.HBO-ICT.CLOUD/MEDIA/822513D3CBB74195BD8F021D0BF36BCA/00000006000000000000000000000000.PNG,NULL,QUEST OF VALOR: THE TOWER'S SECRET IS A TEXT-BASED ADVENTURE GAME. THE OBJECTIVE OF THIS GAME IS TO FREE THE PRINCESS. YOU WILL HAVE TO FIGHT AGAINST ALL SORTS OF BOSSES TO GET ALL OF THE 5 KEYS TO UNLOCK THE FINAL, AND LAST ROOM.,<P>QUEST OF VALOR: THE TOWER'S SECRET IS A TEXT-BASED ADVENTURE GAME. THE OBJECTIVE OF THIS GAME IS TO FREE THE PRINCESS. YOU WILL HAVE TO FIGHT AGAINST ALL SORTS OF BOSSES TO GET ALL OF THE 5 KEYS TO UNLOCK THE FINAL, AND LAST ROOM.</P>,HTTPS://WUUKOOMAADOO68-PB3A2324.HBO-ICT.CLOUD/,RAHIM,ERDEM,BRAM,DENNIS,OUT A
35,THE TOWER,HTTPS://LUCASTARS.HBO-ICT.CLOUD/MEDIA/2B1FD6F0E0974B51987CDC371E247567/00000006000000000000000000000000.PNG,NULL,IN THE TOWER GA JE OP EEN SPANNEND AVONTUUR. DOOR VERSCHILLENDE PUZZELS OP TE LOSSEN EN RAADSELS TE BEANTWOORDEN GA JE OP WEG DOOR DE TOREN. LUKT HET JOU OM DE SCHAT TE BEMACHTIGEN?,<P>IN THE TOWER GA JE OP EEN SPANNEND AVONTUUR. DOOR VERSCHILLENDE PUZZELS OP TE LOSSEN EN RAADSELS TE BEANTWOORDEN GA JE OP WEG DOOR DE TOREN. LUKT HET JOU OM DE SCHAT TE BEMACHTIGEN?</P>,HTTPS://NOOLIIZAATII94-PB3A2324.HBO-ICT.CLOUD/,ERSIN,BEER,AZLAAN,SHAHRUKH,HIGHLIGHTED,OUT A
36,ESCAPE!,HTTPS://LUCASTARS.HBO-ICT.CLOUD/MEDIA/5A1F8A096FF042F98E7D3217B98F65A1/00000006000000000000000000000000.PNG,NULL,<H1>BLIJF JIJ UIT HANDEN VAN BOB EN LAURA???</H1>,<H1>BLIJF JIJ UIT HANDEN VAN BOB EN LAURA???</H1>,HTTPS://ZUUBUUKOOVII85-PB3A2324.HBO-ICT.CLOUD/,MORRIS,REINOUT,SENNA,EMRE,OUT A
37,MURDEROUS MYSTERIES,HTTPS://LUCASTARS.HBO-ICT.CLOUD/MEDIA/3D97C66A0092447C93B1C04E63DD1988/00000006000000000000000000000000.PNG,HTTPS://LUCASTARS.HBO-ICT.CLOUD/MEDIA/5FF96FC684F148DD8DBE17E5F3FFDEF2/00000006000000000000000000000000.PNG,ON A FOGGY DAY IN LONDON YOU, SHERKEY JONES, INVESTIGATE THE MURDER OF JESSICA SMITH IN HER FAMILY'S MANSION. SUSPECTS INCLUDE HER MOTHER, FATHER AND BROTHER. WITH YOUR SHARP MIND YOU UNRAVEL CLUES HIDDEN WITHIN THE OPULENT HOME, DETERMINED TO UNCOVER THE TRUTH BEHIND THE TRAGEDY.

IN THIS POINT-AND-CLICK DETECTIVE GAME, YOU ASSUME THE ROLE OF SHERKEY JONES A DETECTIVE, INVESTIGATING THE MURDER OF JESSICA SMITH IN HER FAMILY'S MANSION. THROUGH EXPLORATION, INTERACTION WITH OBJECTS, PUZZLE-SOLVING AND FINDING CLUES. YOU WIL UNRAVEL THE TRUTH BEHIND THE MURDER. MULTIPLE ENDINGS MAY RESULT FROM YOUR CHOICES. SO CHOOSE CAREFULLY....,<P>ON A FOGGY DAY IN LONDON YOU, SHERKEY JONES, INVESTIGATE THE MURDER OF JESSICA SMITH IN HER FAMILY'S MANSION. SUSPECTS INCLUDE HER MOTHER, FATHER AND BROTHER. WITH YOUR SHARP MIND YOU UNRAVEL CLUES HIDDEN WITHIN THE OPULENT HOME, DETERMINED TO UNCOVER THE TRUTH BEHIND THE TRAGEDY.</P>

<P>IN THIS POINT-AND-CLICK DETECTIVE GAME, YOU ASSUME THE ROLE OF SHERKEY JONES A DETECTIVE, INVESTIGATING THE MURDER OF JESSICA SMITH IN HER FAMILY'S MANSION. THROUGH EXPLORATION, INTERACTION WITH OBJECTS, PUZZLE-SOLVING AND FINDING CLUES. YOU WIL UNRAVEL THE TRUTH BEHIND THE MURDER. MULTIPLE ENDINGS MAY RESULT FROM YOUR CHOICES. SO CHOOSE CAREFULLY....</P>,HTTPS://BIIPIIGUUKAA82-PB3A2324.HBO-ICT.CLOUD/,YOURI,EDRY,JAYSON,AYMAN,KAAN,HIGHLIGHTED,OUT A
38,THAT TIME I GOT A BAD GRADE ON MY SCORION FORM AND BUILT A NUKE FROM SCRATCH TO BLOW UP THE SCHOOL,HTTPS://LUCASTARS.HBO-ICT.CLOUD/MEDIA/80D5A5C49DF1423EA71DCB25FAFF50FE/00000006000000000000000000000000.PNG,HTTPS://LUCASTARS.HBO-ICT.CLOUD/MEDIA/7F4A213A665842DDBB1DC37E8E84FF8E/00000006000000000000000000000000.PNG,HTTPS://LUCASTARS.HBO-ICT.CLOUD/MEDIA/2A92BC6C145D420FB0E4946DB885DA9E/00000006000000000000000000000000.PNG,HTTPS://LUCASTARS.HBO-ICT.CLOUD/MEDIA/9E648005902B4B7EBA7163B8498C323B/00000006000000000000000000000000.PNG,HTTPS://LUCASTARS.HBO-ICT.CLOUD/MEDIA/87DF97FED0F948039D06F963A4AB4F32/00000006000000000000000000000000.PNG,HTTPS://LUCASTARS.HBO-ICT.CLOUD/MEDIA/A1C2F9FCE4CF4F01A39B2BC6F65859F9/00000006000000000000000000000000.PNG,# VERHAAL

DE TITEL ZEGT ALLES! JE HEBT ZOJUIST EEN VRESELIJKE BEOORDELING OP JE SCORION FORMULIER GEKREGEN VAN DE "LEGALLY DISTINCT" HVB SCHOOL. DIT RESULTEERT IN EEN ZOEKTOCHT DOOR DE HELE SCHOOL OM ONDERDELEN TE VINDEN VOOR DE ULTIEME PAYBACK!

NA DE OPENING SEQUENCE IS DE GAME VOLLEDIG NON-LINEAIR, JE KAN ALLE KAMERS BEZOEKEN WANNEER JE MAAR WILT EN EEN VERSPREID WEB VAN PUZZELS OPLOSSEN.

# STIJL

IN DEZE KLASSIEKE TEXT ADVENTURE GAME IS ER GEEN SPRAKE VAN FANCY KNOPPEN EN INTERFACES, JE DOET ALLES MET EEN AUTOCOMPLETE-ASSISTED TEXT PROMPT! MAAK JE GEEN ZORGEN THO, WE HEBBEN EEN STERKE TUTORIAL INGEBOUWD OM WAT SPECIFIEKE QUIRKS VAN DE UX UIT TE LEGGEN.

FOEI BOEFJES: <CODE>&LT;SCRIPT SRC=&QUOT;HTTPS://NUKEGAME.ENJARAI.DEV/SCRIPT.JS&QUOT;&GT;&LT;/SCRIPT&GT;</CODE>,<H1>VERHAAL</H1>

<P>DE TITEL ZEGT ALLES! JE HEBT ZOJUIST EEN VRESELIJKE BEOORDELING OP JE SCORION FORMULIER GEKREGEN VAN DE "LEGALLY DISTINCT" HVB SCHOOL. DIT RESULTEERT IN EEN ZOEKTOCHT DOOR DE HELE SCHOOL OM ONDERDELEN TE VINDEN VOOR DE ULTIEME PAYBACK!</P>

<P>NA DE OPENING SEQUENCE IS DE GAME VOLLEDIG NON-LINEAIR, JE KAN ALLE KAMERS BEZOEKEN WANNEER JE MAAR WILT EN EEN VERSPREID WEB VAN PUZZELS OPLOSSEN.</P>

<H1>STIJL</H1>

<P>IN DEZE KLASSIEKE TEXT ADVENTURE GAME IS ER GEEN SPRAKE VAN FANCY KNOPPEN EN INTERFACES, JE DOET ALLES MET EEN AUTOCOMPLETE-ASSISTED TEXT PROMPT! MAAK JE GEEN ZORGEN THO, WE HEBBEN EEN STERKE TUTORIAL INGEBOUWD OM WAT SPECIFIEKE QUIRKS VAN DE UX UIT TE LEGGEN.</P>

<P>FOEI BOEFJES: <CODE>&LT;SCRIPT SRC=&QUOT;HTTPS://NUKEGAME.ENJARAI.DEV/SCRIPT.JS&QUOT;&GT;&LT;/SCRIPT&GT;</CODE></P>,HTTPS://FAAROOKEECOO15-PB3E2324.HBO-ICT.CLOUD/,MARCO,THIJMEN,RANDY,RAI,JAGDHIR,RUNNER-UP,OUT E
39,ON THE RUN.,HTTPS://LUCASTARS.HBO-ICT.CLOUD/MEDIA/313C8FD459D4481E8B6CC05A5294E5F5/00000006000000000000000000000000.PNG,NULL,FORGE YOUR FATE
EMBARK ON A JOURNEY AS A BABYSITTER. WHILE BABYSITTING YOU ENCOUNTER THE MOST HORRENDOUS OF THINGS...,<P>FORGE YOUR FATE
EMBARK ON A JOURNEY AS A BABYSITTER. WHILE BABYSITTING YOU ENCOUNTER THE MOST HORRENDOUS OF THINGS...</P>,HTTPS://ZUUMIILIIPII70-PB3D2324.HBO-ICT.CLOUD/,MAAIKE,PIETER,PASCAL,NAMGYAL,BURAK,OUT D
40,THE LOST COUSIN,NULL,NULL,NULL,NULL,HTTPS://GEEJOOJAAWEE13-PB3E2324.HBO-ICT.CLOUD/,MOHAMMED,KURSAD,BILAL,DJAMILLO,OUT E
41,DE LEGENDE VAN DE MINOTAURUS,HTTPS://LUCASTARS.HBO-ICT.CLOUD/MEDIA/9EA4B3FFAF1E4CD9889028FBEE77EE6A/00000006000000000000000000000000.JPEG,HTTPS://LUCASTARS.HBO-ICT.CLOUD/MEDIA/6B3B2F382B0843029BF78FF9182220BD/00000006000000000000000000000000.JPEG,DE LEGENDE VAN DE MINOTAURUS,<P>DE LEGENDE VAN DE MINOTAURUS</P>,HTTPS://RIIZOOXOOVOO10-PB3E2324.HBO-ICT.CLOUD/,YUSUF,MERT,OSKAR,NIGEL,OUT E
42,INTO THE SHADOWS,HTTPS://LUCASTARS.HBO-ICT.CLOUD/MEDIA/BCDBD5FB411244749E2CA67152D3B394/00000006000000000000000000000000.JPG,HTTPS://LUCASTARS.HBO-ICT.CLOUD/MEDIA/164BA0F7CCAE4402A3E821062CEBC05E/00000006000000000000000000000000.JPG,WELCOME TO "INTO THE SHADOWS," A GRIPPING NARRATIVE TEXT-BASED ADVENTURE GAME WHERE YOU TAKE ON THE ROLE OF ALEX, 

A 34-YEAR-OLD MAN, ON A JOURNEY WITH HIS DAUGHTER, EMILY. AFTER A ROUGH DIVORCE, ALEX AND EMILY LOOK TO RECONNECT WITH ONE ANOTHER BY GOING ON A ROAD TRIP VISITING ALEX’S PARENTS IN THE TOWN CALLED HAVENWOOD.

DURING THE ADVENTURE YOU'LL UNRAVEL MYSTERIES, CONFRONT PAST MISTAKES, AND NAVIGATE CHALLENGES THAT TEST THE STRENGTH OF YOUR BOND. GET READY FOR AN IMMERSIVE EXPERIENCE WHERE EVERY CHOICE MATTERS AS YOU DELVE INTO THE SHADOWS OF ALEX'S PAST. ARE YOU PREPARED TO FACE WHAT LIES AHEAD?,<P>WELCOME TO "INTO THE SHADOWS," A GRIPPING NARRATIVE TEXT-BASED ADVENTURE GAME WHERE YOU TAKE ON THE ROLE OF ALEX, </P>

<P>A 34-YEAR-OLD MAN, ON A JOURNEY WITH HIS DAUGHTER, EMILY. AFTER A ROUGH DIVORCE, ALEX AND EMILY LOOK TO RECONNECT WITH ONE ANOTHER BY GOING ON A ROAD TRIP VISITING ALEX’S PARENTS IN THE TOWN CALLED HAVENWOOD.</P>

<P>DURING THE ADVENTURE YOU'LL UNRAVEL MYSTERIES, CONFRONT PAST MISTAKES, AND NAVIGATE CHALLENGES THAT TEST THE STRENGTH OF YOUR BOND. GET READY FOR AN IMMERSIVE EXPERIENCE WHERE EVERY CHOICE MATTERS AS YOU DELVE INTO THE SHADOWS OF ALEX'S PAST. ARE YOU PREPARED TO FACE WHAT LIES AHEAD?</P>,HTTPS://SUUJAACIIVII16-PB3D2324.HBO-ICT.CLOUD/,ALESSIO,MITCHEL,STORM,WESLEY,EMIR,HIGHLIGHTED,OUT D
43,KNIGHT'S QUEST,HTTPS://LUCASTARS.HBO-ICT.CLOUD/MEDIA/38AEA6ACACBF402596986385721EE44A/00000006000000000000000000000000.PNG,HTTPS://LUCASTARS.HBO-ICT.CLOUD/MEDIA/F8A991888519454EAD42785E0CC90764/00000006000000000000000000000000.PNG,HTTPS://LUCASTARS.HBO-ICT.CLOUD/MEDIA/F01EE833BC9644C8956C14FD8B0CFE81/00000006000000000000000000000000.PNG,HTTPS://LUCASTARS.HBO-ICT.CLOUD/MEDIA/5A8B554ED3EB4BBE9EFBBF7F27725E34/00000006000000000000000000000000.PNG,HTTPS://LUCASTARS.HBO-ICT.CLOUD/MEDIA/840F294C875E4FC5B0222076ED9CD0D4/00000006000000000000000000000000.PNG,HTTPS://LUCASTARS.HBO-ICT.CLOUD/MEDIA/EF0F1C6C43E24AB6B4A0E82E043438CA/00000006000000000000000000000000.PNG,HTTPS://LUCASTARS.HBO-ICT.CLOUD/MEDIA/757B6688948F4835BA11C02E8EF26911/00000006000000000000000000000000.PNG,HTTPS://LUCASTARS.HBO-ICT.CLOUD/MEDIA/B40A4FBF761A47FBA0A6BAEC7263D472/00000006000000000000000000000000.PNG,EEN SPEL IN EEN MIDDELEEUWSE SETTING WAAR JE OP ZOEK GAAT NAAR EEN PRINSES.,<P>EEN SPEL IN EEN MIDDELEEUWSE SETTING WAAR JE OP ZOEK GAAT NAAR EEN PRINSES.</P>,HTTPS://WAACUUPAARAA56-PB3D2324.HBO-ICT.CLOUD/,ARNOUT,JOERI,BART,NIELS,DION,OUT D
44,CITY OF SHADOWS: MCCARTHY'S CONFRONTATION,HTTPS://LUCASTARS.HBO-ICT.CLOUD/MEDIA/91003CBE0CDB4F318577CE456B5B43C8/00000006000000000000000000000000.JPG,HTTPS://LUCASTARS.HBO-ICT.CLOUD/MEDIA/C16CA42F750D47A9A79E0AD7B827A6DE/00000006000000000000000000000000.PNG,HTTPS://LUCASTARS.HBO-ICT.CLOUD/MEDIA/0E33A269B1DE42259B0FDD86F81E4899/00000006000000000000000000000000.PNG,HTTPS://LUCASTARS.HBO-ICT.CLOUD/MEDIA/0368D503C8B24B4CB64AECD7A4002FF0/00000006000000000000000000000000.PNG,HTTPS://LUCASTARS.HBO-ICT.CLOUD/MEDIA/128F531A6E054EF2875DA4A030FC024C/00000006000000000000000000000000.PNG,HTTPS://LUCASTARS.HBO-ICT.CLOUD/MEDIA/23731848B5714BA28BB1E6AB428760E7/00000006000000000000000000000000.PNG,HTTPS://LUCASTARS.HBO-ICT.CLOUD/MEDIA/9D1061F9CEC0417F84E75B394B75DDDF/00000006000000000000000000000000.PNG,CITY OF SHADOWS: MCCARTHY'S CONFRONTATION!

SPEEL ALS ERVAREN DETECTIVE JOHN MANNY EN ZIJN ASSISTENT WILLIAM MCCARTHY EN ACHTERVOLG DE 'BOSTON MUTILATOR' SERIAL KILLER OM HEM EINDELIJK TE KUNNEN TEGENHOUDEN.,<P>CITY OF SHADOWS: MCCARTHY'S CONFRONTATION!</P>

<P>SPEEL ALS ERVAREN DETECTIVE JOHN MANNY EN ZIJN ASSISTENT WILLIAM MCCARTHY EN ACHTERVOLG DE 'BOSTON MUTILATOR' SERIAL KILLER OM HEM EINDELIJK TE KUNNEN TEGENHOUDEN.</P>,HTTPS://DEV-JOODUUMEENII48-PB3D2324.HBO-ICT.CLOUD/,KAMAL,JULIAN ROELAND,GURPREET,DANIËL,UMIT,OUT D
45,AMBIGIOUS DARKNESS,HTTPS://LUCASTARS.HBO-ICT.CLOUD/MEDIA/8A3E37C0662B402486A203F502087F64/00000006000000000000000000000000.PNG,HTTPS://LUCASTARS.HBO-ICT.CLOUD/MEDIA/F846E2FD0852493A911BE75FD1A917E5/00000006000000000000000000000000.PNG,HTTPS://LUCASTARS.HBO-ICT.CLOUD/MEDIA/EBCFFA1E15BA4CF48B60826884D314ED/00000006000000000000000000000000.PNG,HTTPS://LUCASTARS.HBO-ICT.CLOUD/MEDIA/1BFA605354594BD09F47A1C6FD02E27B/00000006000000000000000000000000.PNG,HTTPS://LUCASTARS.HBO-ICT.CLOUD/MEDIA/EECC28D960AB445EAAF2062FD9440F8D/00000006000000000000000000000000.PNG,HTTPS://LUCASTARS.HBO-ICT.CLOUD/MEDIA/448FE626569D4557BB5F3EE439CDCAC6/00000006000000000000000000000000.PNG,THE EERIE STILLNESS OF BLACKWOOD MANOR?.
SPEEL OP VOLLEDIG SCHERM,<P>THE EERIE STILLNESS OF BLACKWOOD MANOR?.
SPEEL OP VOLLEDIG SCHERM</P>,HTTPS://SEEZOOPUUQII86-PB3D2324.HBO-ICT.CLOUD/,BERKAY,JAYSON,DEAN,AYDIN,OUT D
46,LAST NIGHT AT HVA,HTTPS://LUCASTARS.HBO-ICT.CLOUD/MEDIA/2C99E2C371C04DB09A45E1AF2666384D/00000006000000000000000000000000.PNG,HTTPS://LUCASTARS.HBO-ICT.CLOUD/MEDIA/736DE91BDA444CD0BAD1F113B956C109/00000006000000000000000000000000.PNG,LUKT HET JOUW OM EEN "OP NIVEAU" TE KRIJGEN? LOS DE MYSTERIES VAN DE HVA OP EN FIND OUT!,<P>LUKT HET JOUW OM EEN "OP NIVEAU" TE KRIJGEN? LOS DE MYSTERIES VAN DE HVA OP EN FIND OUT!</P>,HTTPS://YEEBOOGEEFII92-PB3D2324.HBO-ICT.CLOUD/,TIMO,MARK,ENES,BRENNON,CHESS JANZEN,OUT D
47,LOST SIGNAL,HTTPS://LUCASTARS.HBO-ICT.CLOUD/MEDIA/96AACBC286CE4C5389214D2BE9C1D037/00000006000000000000000000000000.PNG,NULL,EMBARK A JOURNEY TOGETHER WITH MARK AND THE CAPTAIN OF THE SPACESHIP THAT WORKS UNDER SPACE Y.
SOLVE DIFFERENT KINDS OF PUZZLES WHILE MEETING NEW PEOPLE IN THIS TEXT BASED STORY GAME!
EXPERIENCE WHAT'S HAPPENING THROUGH OUT THE STORY AND FIND NEW WAYS TO SOLVE PROBLEMS.
UNLOCK NEW CHAPTERS BY SOLVING PUZZLES AND OPENING NEW ROOMS.
START AGAIN FROM YOUR FAVORITE PART WITH THE NEW CHAPTER SELECT FUNCTION!
WE WISH YOU THE BEST OF LUCK CONQUERING THIS FUN GAME MADE BY:
TOM, TEJASH, MATEI, KASPER AND SYMONE.,<P>EMBARK A JOURNEY TOGETHER WITH MARK AND THE CAPTAIN OF THE SPACESHIP THAT WORKS UNDER SPACE Y.
SOLVE DIFFERENT KINDS OF PUZZLES WHILE MEETING NEW PEOPLE IN THIS TEXT BASED STORY GAME!
EXPERIENCE WHAT'S HAPPENING THROUGH OUT THE STORY AND FIND NEW WAYS TO SOLVE PROBLEMS.
UNLOCK NEW CHAPTERS BY SOLVING PUZZLES AND OPENING NEW ROOMS.
START AGAIN FROM YOUR FAVORITE PART WITH THE NEW CHAPTER SELECT FUNCTION!
WE WISH YOU THE BEST OF LUCK CONQUERING THIS FUN GAME MADE BY:
TOM, TEJASH, MATEI, KASPER AND SYMONE.</P>,HTTPS://ZEEGEEKIIZEE37-PB3D2324.HBO-ICT.CLOUD/,KASPER,MATEI,TOM,SYMONE,TEJASH,HIGHLIGHTED,OUT D
48,BEHIND CLOSED DOORS,HTTPS://LUCASTARS.HBO-ICT.CLOUD/MEDIA/BCFC7FE72CD842489AE1F23A9BB75B24/00000006000000000000000000000000.PNG,HTTPS://LUCASTARS.HBO-ICT.CLOUD/MEDIA/B9A8A33CE9D94690BE814D8E66535843/00000006000000000000000000000000.PNG,HTTPS://LUCASTARS.HBO-ICT.CLOUD/MEDIA/B21FDF84653948FEAD2C0FCA1CADFAE1/00000006000000000000000000000000.PNG,HTTPS://LUCASTARS.HBO-ICT.CLOUD/MEDIA/6B6B8475F1C24C8BA5B0479311B6B0E9/00000006000000000000000000000000.GIF,HTTPS://LUCASTARS.HBO-ICT.CLOUD/MEDIA/976BEC2948024D48B493D2C4D537C9DA/00000006000000000000000000000000.PNG,HTTPS://LUCASTARS.HBO-ICT.CLOUD/MEDIA/38D3D39BAD974CA6BCD85E313CA00F66/00000006000000000000000000000000.PNG,HTTPS://LUCASTARS.HBO-ICT.CLOUD/MEDIA/5E5EBE9F7B4B4EC197B40FED59741BE3/00000006000000000000000000000000.PNG,HTTPS://LUCASTARS.HBO-ICT.CLOUD/MEDIA/C76158D743C64A9487CC7117DEB509C2/00000006000000000000000000000000.PNG,HTTPS://LUCASTARS.HBO-ICT.CLOUD/MEDIA/9439B14E9562475D9E68B6DC790C03A4/00000006000000000000000000000000.PNG,HTTPS://LUCASTARS.HBO-ICT.CLOUD/MEDIA/5594B4AE8FAE4F058F87FC8D97DEFC7A/00000006000000000000000000000000.PNG,STEP INTO THE MYSTERY OF 'BEHIND CLOSED DOORS' AS JACK, WHERE THE CALM FACADE OF JACK'S LIFE IS SHATTERED BY A STRANGE TENSION BREWING WITHIN HIS OWN HOME. AS HE AWAKENS TO FIND HIS WIFE, EMILY, ACTING PECULIARLY, HE SENSES SOMETHING AMISS. WITH UNANSWERED QUESTIONS LINGERING, JACK DELVES INTO A GRIPPING SEARCH THROUGH THEIR HOME, UNCOVERING CLUES HIDDEN WITHIN EACH ROOM. BUT AS THE PUZZLE PIECES FALL INTO PLACE, HE INCHES CLOSER TO A SHOCKING REVELATION BEHIND A SECRETIVE DOOR. WILL YOU DARE TO CONFRONT THE TRUTH, EVEN IF IT MEANS UNRAVELING EVERYTHING YOU THOUGHT YOU KNEW?

<H3>ENJOY THE GAME AND REMEMBER TO UPVOTE IT IF YOU HAD A GREAT TIME!</H3>
<H6>HAPPY GAMING, ENJOLI :)<H6>,<P>STEP INTO THE MYSTERY OF 'BEHIND CLOSED DOORS' AS JACK, WHERE THE CALM FACADE OF JACK'S LIFE IS SHATTERED BY A STRANGE TENSION BREWING WITHIN HIS OWN HOME. AS HE AWAKENS TO FIND HIS WIFE, EMILY, ACTING PECULIARLY, HE SENSES SOMETHING AMISS. WITH UNANSWERED QUESTIONS LINGERING, JACK DELVES INTO A GRIPPING SEARCH THROUGH THEIR HOME, UNCOVERING CLUES HIDDEN WITHIN EACH ROOM. BUT AS THE PUZZLE PIECES FALL INTO PLACE, HE INCHES CLOSER TO A SHOCKING REVELATION BEHIND A SECRETIVE DOOR. WILL YOU DARE TO CONFRONT THE TRUTH, EVEN IF IT MEANS UNRAVELING EVERYTHING YOU THOUGHT YOU KNEW?</P>

<H3>ENJOY THE GAME AND REMEMBER TO UPVOTE IT IF YOU HAD A GREAT TIME!</H3>

<P><H6>HAPPY GAMING, ENJOLI :)<H6></P>,HTTPS://TIIQUUVIIYAA37-PB3E2324.HBO-ICT.CLOUD/,HAMZAH,MIRIAM,ALYSSA,ENJOLI,JAYDEN,OUT E
49,JOURNEY TO WIZARD ACADEMY,HTTPS://LUCASTARS.HBO-ICT.CLOUD/MEDIA/3E6E6266E9784511BB4D999E854A9CAA/00000006000000000000000000000000.PNG,NULL,VERKEN DE MAGISCHE WERELD VAN HARRY'S WIZARDING QUEST. ALS JONGE TOVENAAR HARRY MOET JE EEN BEZEM, EEN SPREUKENBOEK, EEN TOVERSTAF EN DE MAGISCHE UITNODIGING ZELF VINDEN IN BETOVERENDE KAMERS VOL RAADSELS EN UITDAGINGEN OM TOEGANG TE KRIJGEN TOT DE PRESTIGIEUZE WIZARD SCHOOL. DURF JIJ DEZE MAGISCHE REIS AAN?



*VOOR EEN BETER RESULTAAT, SPEEL IN VOLLEDIG SCHERM.,<P>VERKEN DE MAGISCHE WERELD VAN HARRY'S WIZARDING QUEST. ALS JONGE TOVENAAR HARRY MOET JE EEN BEZEM, EEN SPREUKENBOEK, EEN TOVERSTAF EN DE MAGISCHE UITNODIGING ZELF VINDEN IN BETOVERENDE KAMERS VOL RAADSELS EN UITDAGINGEN OM TOEGANG TE KRIJGEN TOT DE PRESTIGIEUZE WIZARD SCHOOL. DURF JIJ DEZE MAGISCHE REIS AAN?</P>

<P>*VOOR EEN BETER RESULTAAT, SPEEL IN VOLLEDIG SCHERM.</P>,HTTPS://LEEHAACUUYII49-PB3E2324.HBO-ICT.CLOUD/,AYSEGUL,WILDAN,PARISA,AMINE,OUT E
50,TRIBUS FOREST,HTTPS://LUCASTARS.HBO-ICT.CLOUD/MEDIA/ACF305D75B7D4E0F8DA3F966EE917707/00000006000000000000000000000000.JPEG,HTTPS://LUCASTARS.HBO-ICT.CLOUD/MEDIA/52571AB29078451FBDA8AA895C19B99E/00000006000000000000000000000000.JPEG,HTTPS://LUCASTARS.HBO-ICT.CLOUD/MEDIA/94FC70A30B724F38A25DD157DA4400C7/00000006000000000000000000000000.JPEG,HTTPS://LUCASTARS.HBO-ICT.CLOUD/MEDIA/2339AA5BFD53422DA14FAB27B5B76786/00000006000000000000000000000000.JPEG,###**BELANGRIJK, OM HET SPEL GOED TE KUNNEN SPELEN MOET JE HET SPELEN IN VOL SCHERM (BOVEN IN HET MENU ALS HET SPEL IS GESTART).**

WITH A SUDDEN JOLT, YOU WAKE UP SHIVERING YOU CAN'T SEE ANYTHING. A LOUD SOUND OF THE ENGINE AND THE SMELL OF GASOLINE FILLS THE AIR AROUND YOU.

BUT BEFORE YOU CAN EVEN THINK A LOUD *BING* OCCURS.

YOU'RE HEAD SLAMS AGAINST THE REAR OF THE TRUNK, YOU GROAN IN PAIN WHILE YOU DRIFT UNCONSCIOUS.

SUDDENLY YOU WAKE UP IN THE MIDDLE OF A FOREST UNKNOW TO YOU AND YOU GET AN EERIE FEELING FROM IT. YOU HAVE TO TRY TO FIND YOUR WAY OUT OF HERE!,<H3><STRONG>BELANGRIJK, OM HET SPEL GOED TE KUNNEN SPELEN MOET JE HET SPELEN IN VOL SCHERM (BOVEN IN HET MENU ALS HET SPEL IS GESTART).</STRONG></H3>

<P>WITH A SUDDEN JOLT, YOU WAKE UP SHIVERING YOU CAN'T SEE ANYTHING. A LOUD SOUND OF THE ENGINE AND THE SMELL OF GASOLINE FILLS THE AIR AROUND YOU.</P>

<P>BUT BEFORE YOU CAN EVEN THINK A LOUD <EM>BING</EM> OCCURS.</P>

<P>YOU'RE HEAD SLAMS AGAINST THE REAR OF THE TRUNK, YOU GROAN IN PAIN WHILE YOU DRIFT UNCONSCIOUS.</P>

<P>SUDDENLY YOU WAKE UP IN THE MIDDLE OF A FOREST UNKNOW TO YOU AND YOU GET AN EERIE FEELING FROM IT. YOU HAVE TO TRY TO FIND YOUR WAY OUT OF HERE!</P>,HTTPS://NOOXAAPEEMII13-PB3E2324.HBO-ICT.CLOUD/,BEAU,MEES,RAHMI,EHAB,TOMAS,RUNNER-UP,OUT E
51,TERROR TRIAL,HTTPS://LUCASTARS.HBO-ICT.CLOUD/MEDIA/6918722FE0104049B27AA218C692A417/00000006000000000000000000000000.PNG,HTTPS://LUCASTARS.HBO-ICT.CLOUD/MEDIA/A37D086F50F14DCA8C365448957A2139/00000006000000000000000000000000.PNG,HTTPS://LUCASTARS.HBO-ICT.CLOUD/MEDIA/AD5E059AEB314F34B3385BB8B9E91083/00000006000000000000000000000000.PNG,HTTPS://LUCASTARS.HBO-ICT.CLOUD/MEDIA/AADFDEF650F94BC9A8A99AFE21978AA9/00000006000000000000000000000000.PNG,HTTPS://LUCASTARS.HBO-ICT.CLOUD/MEDIA/999069F72F4C4C5A98B8E7D25A3CE366/00000006000000000000000000000000.PNG,TERROR TRIAL IS EEN ANGSTAANJAGEND HUIS VOL MET VALSTRIKKEN EN DUISTERE GEHEIMEN, WAAR WANHOPIGE REIZIGERS GEVANGEN ZITTEN EN ENKEL KUNNEN ONTSNAPPEN DOOR RAADSELS OP TE LOSSEN VOORDAT DE KLOK TIKT NAAR HUN ONDERGANG.,<P>TERROR TRIAL IS EEN ANGSTAANJAGEND HUIS VOL MET VALSTRIKKEN EN DUISTERE GEHEIMEN, WAAR WANHOPIGE REIZIGERS GEVANGEN ZITTEN EN ENKEL KUNNEN ONTSNAPPEN DOOR RAADSELS OP TE LOSSEN VOORDAT DE KLOK TIKT NAAR HUN ONDERGANG.</P>,HTTPS://QUULOOLOODAA20-PB3B2324.HBO-ICT.CLOUD/,MEGAN,GIORGIO,NII,SONNY,OMAR,NICO,HIGHLIGHTED,OUT B
52,THE NUTTY PUTTY CAVE,NULL,NULL,NULL,NULL,HTTPS://GIIPUUCOOFUU33-PB3B2324.HBO-ICT.CLOUD/,WILLIAM,TIMOR,MARY,SIEM,EDUARD,NICO,STEFAN,OUT B
53,IN BETWEEN TIMES,HTTPS://LUCASTARS.HBO-ICT.CLOUD/MEDIA/52896CCAB0D84D63B924167A0BA72D40/00000006000000000000000000000000.PNG,HTTPS://LUCASTARS.HBO-ICT.CLOUD/MEDIA/C798D0CF1DB942D789821AC4F8A3A1DC/00000006000000000000000000000000.PNG,HTTPS://LUCASTARS.HBO-ICT.CLOUD/MEDIA/6BAD275ACFF8417DBF68ECE26A6443B3/00000006000000000000000000000000.PNG,HTTPS://LUCASTARS.HBO-ICT.CLOUD/MEDIA/E2DCE76B25E04BF3BB2BC55928C54984/00000006000000000000000000000000.PNG,IN BETWEEN TIMES IS EEN TIME-TRAVEL EN DETECTIVE-AVONTURENGAME WAARIN JIJ, ALS DETECTIVE, DOOR VERSCHILLENDE TIJDPERKEN REIST, GEBASEERD OP ECHTE HISTORISCHE LOCATIES, OM MYSTERIES OP TE LOSSEN.,<P>IN BETWEEN TIMES IS EEN TIME-TRAVEL EN DETECTIVE-AVONTURENGAME WAARIN JIJ, ALS DETECTIVE, DOOR VERSCHILLENDE TIJDPERKEN REIST, GEBASEERD OP ECHTE HISTORISCHE LOCATIES, OM MYSTERIES OP TE LOSSEN.</P>,HTTPS://MAAWEEKAAFOO30-PB3B2324.HBO-ICT.CLOUD/,FABIAN,NICOLAI,JULIAN,NICO,RUNNER-UP,OUT B
